source_id,node_id,distance_km,loss_coefficient
S3,N7,49.97,0.0659
S1,N3,3.36,0.0281
S3,N3,48.88,0.0456
S3,N8,20.94,0.0136
S1,N5,43.67,0.0528
S1,N4,39.34,0.0589
S3,N8,28.78,0.0305
S2,N6,37.18,0.0968
S3,N2,44.05,0.0919
S3,N4,20.8,0.075
S3,N4,17.02,0.058
S3,N6,33.71,0.0883
S1,N6,40.58,0.0218
S3,N1,38.35,0.0811
S2,N8,40.09,0.0212
S1,N6,22.34,0.0815
S2,N3,41.07,0.0348
S2,N9,6.89,0.0889
S2,N2,27.68,0.095
S2,N8,1.28,0.0234
S1,N10,16.9,0.0516
S1,N3,18.96,0.0983
S2,N5,20.41,0.0535
S2,N6,35.08,0.0877
S1,N10,20.04,0.063
S1,N6,22.99,0.0438
S1,N4,12.64,0.0357
S3,N3,19.29,0.0283
S3,N4,12.14,0.0786
S3,N1,4.59,0.0448
S2,N4,30.57,0.056
S3,N1,33.74,0.0543
S2,N1,31.36,0.062
S2,N10,23.71,0.0879
S3,N6,19.61,0.0983
S2,N5,43.3,0.0467
S3,N4,26.44,0.0845
S3,N3,24.48,0.0788
S1,N1,2.26,0.0616
S3,N6,17.72,0.096
S1,N2,19.63,0.028
S3,N8,20.54,0.0198
S3,N10,29.43,0.0869
S1,N5,27.15,0.0495
S1,N7,30.79,0.0862
S3,N10,38.48,0.0904
S2,N2,40.84,0.0156
S1,N8,36.19,0.0895
S2,N2,47.82,0.0503
S2,N4,1.89,0.0559
S2,N1,10.59,0.0664
S1,N5,1.37,0.0934
S2,N9,32.73,0.0117
S1,N1,45.0,0.0529
S2,N9,12.93,0.0719
S3,N8,46.42,0.075
S3,N6,3.95,0.0723
S1,N7,46.79,0.0221
S3,N3,18.23,0.0369
S3,N1,5.97,0.0423
S2,N5,24.81,0.0824
S1,N2,13.58,0.0351
S2,N5,14.96,0.029
S2,N8,16.06,0.0962
S2,N9,40.35,0.0108
S2,N2,27.42,0.0998
S2,N3,16.25,0.0709
S2,N3,30.91,0.0846
S2,N1,36.09,0.0365
S1,N8,14.36,0.0113
S3,N6,21.26,0.0764
S2,N8,6.97,0.0851
S2,N9,9.88,0.0766
S2,N5,34.37,0.0229
S2,N3,9.89,0.0778
S2,N5,26.73,0.0792
S2,N5,35.74,0.0693
S3,N5,6.24,0.079
S3,N3,28.8,0.0861
S2,N10,13.57,0.0652
S3,N4,48.18,0.018
S1,N9,24.69,0.0539
S2,N10,40.49,0.017
S1,N9,27.96,0.0467
S1,N2,3.13,0.0466
S2,N8,32.02,0.0159
S3,N8,47.62,0.0414
S1,N7,30.48,0.02
S2,N8,41.14,0.0827
S1,N3,44.33,0.0953
S1,N6,12.18,0.0165
S1,N1,11.39,0.096
S1,N7,30.94,0.057
S3,N1,21.14,0.037
S1,N9,42.15,0.0169
S1,N1,45.1,0.0551
S1,N1,18.32,0.0815
S3,N7,12.61,0.0736
S1,N2,39.25,0.0145
S1,N5,14.47,0.0166
S3,N8,41.31,0.0463
S3,N8,21.76,0.0366
S3,N3,33.71,0.0309
S1,N7,5.68,0.0353
S3,N3,31.57,0.0823
S3,N6,23.14,0.0936
S1,N6,29.74,0.0465
S3,N3,9.23,0.0915
S1,N7,37.11,0.0389
S2,N3,43.28,0.0529
S3,N8,11.62,0.0303
S2,N10,5.69,0.0676
S1,N4,2.16,0.0981
S3,N1,32.46,0.0643
S1,N4,30.75,0.0422
S2,N7,27.79,0.0683
S1,N4,12.37,0.0211
S3,N6,20.15,0.09
S3,N9,30.13,0.0553
S2,N1,25.34,0.0504
S1,N5,49.4,0.0627
S3,N7,7.69,0.0662
S2,N1,35.06,0.0165
S3,N4,20.81,0.0714
S3,N6,21.98,0.0318
S1,N2,36.16,0.0743
S3,N10,34.93,0.084
S1,N5,49.57,0.0824
S3,N10,7.29,0.0597
S2,N1,6.1,0.0568
S3,N6,36.49,0.0229
S1,N6,29.34,0.0798
S1,N4,14.43,0.0344
S2,N8,4.89,0.0547
S3,N4,5.2,0.0356
S3,N8,44.82,0.022
S2,N8,10.4,0.0667
S3,N5,16.85,0.0149
S3,N4,12.11,0.0774
S1,N2,18.39,0.0386
S3,N3,4.4,0.01
S3,N3,26.43,0.056
S2,N4,4.31,0.0142
S2,N4,40.22,0.0349
S1,N10,12.45,0.0736
S3,N5,27.46,0.0156
S3,N4,44.12,0.0855
S3,N10,32.89,0.0103
S1,N8,27.11,0.0322
S1,N6,16.89,0.0767
S2,N6,17.32,0.0385
S1,N8,33.8,0.0192
S3,N7,49.71,0.0424
S3,N10,33.43,0.0343
S1,N10,28.33,0.0858
S3,N8,36.8,0.0382
S3,N2,23.8,0.081
S1,N9,3.95,0.0903
S1,N1,28.55,0.049
S3,N8,47.92,0.0919
S3,N4,9.59,0.044
S3,N4,34.81,0.0968
S2,N5,10.85,0.018
S2,N8,27.26,0.0718
S2,N5,5.74,0.0544
S1,N8,23.07,0.0449
S2,N10,38.05,0.0669
S1,N1,18.03,0.0733
S1,N10,33.58,0.0104
S2,N9,39.98,0.025
S2,N6,46.43,0.0742
S2,N3,12.5,0.07
S3,N8,20.57,0.0969
S2,N9,8.47,0.0785
S3,N6,49.63,0.0956
S1,N7,46.42,0.0732
S3,N1,27.46,0.0368
S2,N5,42.26,0.0195
S1,N5,26.53,0.0804
S1,N10,31.56,0.068
S1,N4,5.37,0.0143
S3,N6,38.01,0.0424
S2,N7,7.26,0.0961
S1,N9,41.48,0.055
S1,N1,39.32,0.0489
S1,N6,35.73,0.0512
S3,N7,2.77,0.0288
S3,N3,15.85,0.0432
S2,N8,13.89,0.0433
S3,N5,18.65,0.0147
S1,N9,5.29,0.0791
S2,N5,46.91,0.0475
S1,N9,28.14,0.084
S1,N10,15.97,0.0865
S3,N4,20.45,0.0291
S2,N9,22.91,0.0692
S3,N5,30.43,0.0525
S3,N10,26.27,0.0892
S2,N9,46.05,0.0294
S1,N3,25.35,0.071
S1,N4,49.62,0.0647
S2,N9,42.72,0.0366
S1,N10,11.22,0.0223
S2,N6,46.6,0.0686
S2,N2,6.7,0.0765
S3,N7,41.06,0.0384
S2,N2,19.65,0.068
S3,N2,44.02,0.0456
S1,N1,43.53,0.0742
S1,N3,40.49,0.0279
S1,N6,39.71,0.0901
S1,N8,15.93,0.0359
S3,N9,4.97,0.0431
S1,N7,20.75,0.0152
S2,N4,9.5,0.02
S2,N6,35.05,0.0564
S2,N5,17.96,0.0341
S3,N8,48.8,0.0852
S1,N1,32.41,0.0113
S1,N1,41.3,0.0441
S1,N6,7.49,0.0404
S3,N10,43.24,0.0117
S2,N2,46.22,0.0212
S2,N5,24.87,0.0472
S1,N1,30.71,0.0544
S2,N7,38.48,0.0464
S2,N1,9.57,0.0578
S3,N4,25.63,0.0636
S3,N9,20.53,0.0109
S3,N1,8.17,0.0518
S3,N4,19.01,0.0967
S1,N6,4.34,0.0567
S3,N6,2.26,0.071
S2,N8,7.62,0.0381
S1,N1,48.19,0.0797
S2,N7,27.93,0.0796
S2,N1,48.33,0.0569
S2,N7,22.19,0.0978
S3,N3,16.28,0.0213
S3,N8,25.8,0.0115
S1,N3,22.54,0.0793
S1,N1,6.18,0.0826
S3,N8,32.4,0.0208
S2,N3,11.59,0.0339
S1,N2,31.36,0.0116
S3,N1,32.86,0.0364
S3,N3,8.45,0.0796
S3,N2,4.01,0.0566
S2,N2,39.26,0.0413
S3,N6,23.53,0.0435
S3,N1,3.85,0.0101
S3,N2,49.75,0.037
S3,N6,3.83,0.0682
S1,N3,35.06,0.0977
S1,N4,49.2,0.0862
S3,N1,12.72,0.0121
S2,N8,7.97,0.0909
S1,N7,6.95,0.0805
S3,N7,15.86,0.0802
S1,N3,5.95,0.0512
S1,N10,34.92,0.0458
S2,N10,4.05,0.0373
S3,N3,25.96,0.0159
S3,N2,49.84,0.0305
S2,N1,40.88,0.0322
S2,N7,31.15,0.0536
S3,N7,16.01,0.0773
S3,N2,31.57,0.0526
S2,N7,26.83,0.0152
S1,N8,21.88,0.0962
S1,N1,7.4,0.0948
S2,N9,44.44,0.0807
S1,N7,23.04,0.0992
S2,N3,10.54,0.059
S1,N8,19.02,0.0966
S1,N7,21.29,0.0168
S3,N8,41.55,0.0429
S3,N6,36.95,0.0303
S1,N9,38.7,0.0276
S1,N5,1.54,0.0227
S3,N3,21.39,0.066
S3,N3,24.59,0.0803
S3,N1,1.94,0.062
S2,N8,13.73,0.0232
S1,N2,38.25,0.083
S3,N3,7.72,0.0672
S1,N8,27.23,0.0449
S2,N8,11.54,0.0707
S2,N4,1.59,0.0334
S3,N4,12.82,0.0411
S2,N5,48.82,0.0926
S1,N6,40.28,0.0361
S3,N5,48.02,0.0523
S1,N7,24.9,0.0901
S1,N2,6.38,0.0737
S2,N7,27.85,0.0156
S2,N10,23.26,0.0233
S2,N7,42.37,0.0107
S2,N1,5.81,0.0668
S2,N7,24.92,0.0503
S3,N5,8.35,0.0221
S1,N3,16.91,0.0962
S1,N3,37.13,0.0577
S1,N4,24.32,0.0318
S1,N2,19.42,0.0551
S2,N2,20.33,0.0712
S1,N1,23.51,0.0169
S3,N5,39.47,0.0347
S3,N4,44.71,0.0826
S1,N10,47.81,0.0514
S1,N2,39.56,0.0592
S3,N3,16.45,0.049
S3,N7,34.72,0.014
S2,N7,22.44,0.0249
S3,N4,13.48,0.0501
S2,N5,42.2,0.0288
S2,N5,2.88,0.0145
S2,N6,45.19,0.0859
S2,N9,23.61,0.0983
S2,N2,32.22,0.0814
S1,N5,33.31,0.0868
S3,N3,44.86,0.0318
S2,N4,32.2,0.0965
S3,N10,31.08,0.0277
S3,N6,4.27,0.0956
S2,N8,26.4,0.0995
S1,N1,8.36,0.0741
S2,N10,37.13,0.0983
S1,N8,26.1,0.0613
S3,N7,34.33,0.0334
S1,N1,3.04,0.0493
S1,N2,5.15,0.0634
S1,N3,36.1,0.0166
S3,N1,4.53,0.066
S3,N9,4.49,0.0983
S1,N8,1.59,0.0271
S1,N2,47.87,0.0813
S2,N9,37.14,0.0917
S1,N7,18.31,0.0949
S2,N9,15.53,0.0964
S1,N6,18.14,0.0569
S2,N6,38.96,0.098
S3,N4,33.41,0.0782
S1,N10,10.07,0.0246
S1,N10,9.53,0.0529
S1,N2,5.82,0.0746
S1,N7,33.35,0.0323
S2,N5,38.45,0.0677
S1,N6,13.99,0.07
S3,N2,2.03,0.0246
S3,N5,5.03,0.0609
S1,N10,48.43,0.0794
S3,N4,15.48,0.0549
S1,N9,38.69,0.0111
S1,N6,31.61,0.0108
S3,N2,19.72,0.0421
S1,N1,11.08,0.0934
S3,N5,6.95,0.0306
S2,N9,31.14,0.0671
S1,N6,38.96,0.03
S2,N10,32.55,0.039
S3,N7,26.98,0.0863
S2,N5,3.06,0.0756
S2,N10,48.46,0.0186
S3,N6,40.14,0.0486
S2,N5,15.35,0.0126
S2,N9,49.02,0.0533
S3,N6,30.49,0.0696
S2,N8,29.54,0.0207
S3,N2,37.66,0.036
S2,N9,40.78,0.0458
S3,N5,33.17,0.0928
S3,N7,7.28,0.0994
S2,N10,17.58,0.014
S2,N1,46.48,0.0785
S2,N10,12.01,0.0435
S1,N5,19.24,0.0453
S1,N10,22.17,0.0779
S1,N2,22.53,0.0927
S3,N6,31.03,0.0956
S2,N1,47.21,0.0619
S3,N3,12.79,0.0421
S1,N5,6.95,0.0809
S2,N4,10.68,0.0326
S3,N3,44.46,0.0608
S2,N10,32.64,0.0423
S3,N5,15.01,0.0691
S2,N8,40.98,0.0316
S1,N4,43.21,0.0272
S1,N1,42.48,0.0926
S2,N7,46.03,0.0192
S3,N8,13.36,0.0555
S1,N3,38.0,0.0299
S1,N6,23.57,0.0135
S1,N2,42.26,0.0132
S2,N7,36.7,0.0258
S2,N8,39.05,0.088
S3,N6,33.15,0.0354
S3,N6,9.69,0.0955
S3,N5,27.71,0.0623
S2,N8,49.25,0.0493
S2,N1,46.93,0.0622
S3,N10,3.12,0.0565
S3,N4,9.08,0.0783
S2,N4,7.45,0.0354
S3,N3,36.57,0.0418
S1,N3,41.07,0.0905
S2,N4,11.46,0.0952
S3,N1,25.79,0.0903
S2,N2,42.19,0.0478
S1,N9,36.91,0.0802
S2,N10,27.57,0.0529
S2,N2,29.93,0.0548
S2,N5,25.91,0.0284
S2,N9,15.58,0.0632
S1,N9,28.69,0.0268
S2,N8,34.76,0.0398
S2,N1,43.79,0.087
S3,N1,32.18,0.0286
S2,N9,38.29,0.0164
S3,N8,8.84,0.0162
S1,N10,23.62,0.0947
S1,N9,1.46,0.0556
S1,N7,13.09,0.0468
S1,N3,36.6,0.083
S3,N3,49.6,0.0852
S2,N2,5.86,0.0399
S1,N5,20.67,0.0724
S2,N3,40.2,0.0794
S3,N6,11.0,0.0689
S3,N2,28.2,0.0236
S3,N3,36.92,0.0888
S1,N5,31.18,0.0585
S2,N1,10.21,0.0354
S2,N1,18.41,0.0483
S2,N10,39.41,0.0134
S3,N9,28.16,0.0215
S1,N7,1.26,0.0789
S3,N1,38.29,0.01
S3,N8,2.73,0.0475
S2,N3,37.54,0.057
S3,N8,10.92,0.0149
S2,N5,47.95,0.0976
S1,N1,19.03,0.0304
S2,N7,17.02,0.0374
S1,N5,8.3,0.0374
S2,N6,15.97,0.0307
S3,N6,43.96,0.0101
S3,N8,49.82,0.0756
S1,N9,19.05,0.097
S1,N2,22.98,0.0302
S1,N9,36.38,0.0697
S2,N10,44.42,0.0768
S2,N9,30.06,0.0864
S1,N10,20.18,0.048
S3,N10,21.22,0.0373
S2,N7,35.09,0.0393
S2,N1,1.16,0.0741
S2,N7,31.36,0.0835
S1,N10,18.42,0.0263
S1,N5,39.92,0.0434
S1,N6,5.56,0.0912
S1,N10,29.82,0.0826
S1,N7,24.57,0.0986
S3,N5,32.47,0.0779
S3,N7,4.18,0.0454
S1,N9,29.42,0.0632
S2,N3,28.51,0.0695
S1,N8,28.47,0.0171
S3,N2,30.57,0.059
S3,N7,34.15,0.0738
S2,N2,40.44,0.0251
S3,N4,14.22,0.0803
S1,N7,41.43,0.0625
S2,N3,25.41,0.0957
S1,N2,4.78,0.0138
S1,N10,3.87,0.0339
S2,N7,17.38,0.0641
S1,N1,39.46,0.0367
S3,N8,35.68,0.0743
S1,N3,39.64,0.0783
S2,N2,26.35,0.0192
S2,N3,22.57,0.0562
S2,N5,8.23,0.0558
S1,N8,17.08,0.0432
S2,N10,22.27,0.094
S2,N7,5.34,0.0845
S1,N7,11.81,0.0727
S3,N7,30.31,0.0743
S1,N8,37.05,0.0516
S2,N1,49.92,0.0929
S2,N4,46.72,0.0725
S1,N6,32.49,0.0756
S3,N9,21.64,0.0876
S2,N2,32.17,0.0347
S2,N1,39.5,0.0826
S2,N10,6.8,0.0276
S1,N2,21.09,0.0411
S2,N7,42.15,0.0402
S3,N3,19.81,0.0981
S2,N10,29.02,0.0871
S2,N2,29.8,0.0731
S3,N7,10.04,0.0754
S2,N2,18.75,0.0606
S1,N3,17.39,0.0952
S1,N7,2.28,0.0547
S1,N4,2.19,0.0442
S3,N1,41.75,0.0247
S2,N5,14.38,0.0808
S1,N9,26.39,0.0761
S3,N8,15.64,0.0446
S2,N9,47.09,0.0123
S3,N10,13.71,0.0855
S1,N9,22.05,0.011
S1,N7,43.76,0.0733
S1,N4,42.25,0.0973
S3,N5,10.12,0.0494
S3,N1,40.33,0.0311
S1,N1,23.45,0.0734
S3,N3,24.67,0.0835
S1,N8,7.54,0.0592
S1,N2,4.95,0.097
S2,N4,36.67,0.0147
S3,N2,25.33,0.0554
S1,N5,22.41,0.0747
S1,N9,36.75,0.0876
S3,N1,38.51,0.0261
S2,N5,8.79,0.082
S2,N9,30.9,0.0597
S1,N1,7.63,0.0457
S3,N9,37.82,0.0219
S2,N8,33.19,0.0879
S3,N4,47.87,0.0242
S3,N10,4.38,0.0379
S1,N5,3.8,0.0361
S2,N5,14.83,0.0884
S1,N6,13.82,0.0705
S2,N7,13.1,0.0817
S2,N8,45.41,0.0325
S2,N8,13.23,0.0662
S2,N2,14.33,0.0615
S2,N9,38.21,0.085
S3,N7,23.04,0.0915
S1,N4,39.06,0.0111
S3,N4,4.2,0.0707
S2,N8,24.89,0.0147
S1,N4,2.65,0.0594
S2,N6,4.07,0.0359
S1,N5,45.42,0.0376
S3,N3,7.82,0.0418
S1,N10,27.09,0.0659
S1,N2,21.14,0.0401
S1,N9,18.02,0.0759
S1,N10,45.09,0.0464
S1,N9,2.07,0.0162
S2,N1,33.53,0.0805
S1,N10,48.21,0.0357
S1,N3,28.45,0.0489
S3,N8,46.9,0.0717
S1,N6,3.56,0.0399
S3,N5,21.52,0.0151
S2,N5,13.75,0.0437
S1,N6,36.81,0.095
S3,N7,49.08,0.0678
S3,N1,13.57,0.0704
S2,N9,33.05,0.0669
S1,N3,10.71,0.0279
S1,N4,28.7,0.0477
S3,N10,23.73,0.0776
S1,N1,48.63,0.0191
S3,N10,30.82,0.035
S1,N3,18.13,0.0349
S3,N2,6.59,0.0489
S1,N2,8.41,0.0982
S2,N1,12.04,0.0161
S1,N8,13.3,0.0567
S1,N3,42.68,0.0261
S2,N3,28.5,0.0974
S1,N6,26.65,0.0202
S2,N8,6.62,0.0463
S1,N9,43.15,0.0764
S3,N9,36.42,0.0734
S3,N4,4.32,0.048
S1,N5,35.68,0.0412
S1,N2,27.63,0.0458
S1,N9,5.0,0.0338
S3,N8,23.46,0.0285
S1,N3,24.75,0.0535
S3,N9,9.12,0.0342
S2,N3,47.34,0.0359
S3,N9,42.65,0.0691
S3,N2,33.78,0.0972
S2,N10,23.65,0.0643
S3,N9,21.18,0.0169
S1,N8,32.9,0.0168
S1,N9,27.73,0.0956
S3,N5,4.05,0.0368
S1,N2,26.11,0.0183
S3,N8,40.51,0.0639
S1,N6,23.5,0.0661
S1,N8,3.55,0.0684
S3,N5,39.53,0.0341
S1,N10,10.87,0.0114
S3,N2,13.67,0.0969
S1,N6,9.07,0.0326
S1,N5,17.18,0.0708
S2,N5,38.08,0.0736
S2,N1,26.45,0.0649
S3,N2,11.04,0.0382
S2,N8,44.01,0.0344
S3,N3,44.1,0.0638
S2,N10,43.66,0.0879
S1,N3,12.7,0.0952
S3,N8,23.11,0.0195
S3,N8,49.26,0.0239
S1,N2,38.83,0.095
S3,N8,2.33,0.0763
S3,N1,4.2,0.0895
S2,N6,23.73,0.0282
S3,N8,45.55,0.0629
S1,N3,27.4,0.0731
S2,N8,25.39,0.0712
S2,N1,6.17,0.0467
S1,N9,33.18,0.0114
S1,N9,41.28,0.0625
S2,N5,19.64,0.0328
S3,N10,39.0,0.0505
S2,N4,48.26,0.0962
S1,N6,10.98,0.0459
S2,N7,26.64,0.0856
S1,N5,15.07,0.027
S2,N10,39.85,0.0705
S3,N9,29.3,0.0979
S2,N3,32.09,0.0192
S2,N7,40.1,0.0107
S1,N10,20.4,0.049
S1,N10,45.84,0.0183
S1,N5,27.12,0.0774
S2,N7,8.74,0.0923
S3,N2,35.1,0.0491
S1,N4,39.87,0.0333
S1,N2,16.52,0.0491
S2,N7,43.0,0.0751
S1,N2,45.4,0.0108
S3,N1,14.57,0.0631
S3,N9,49.19,0.0652
S1,N1,7.89,0.0674
S1,N8,10.9,0.0318
S2,N2,10.03,0.0743
S3,N8,44.81,0.0182
S3,N3,33.06,0.0279
S1,N6,8.45,0.089
S2,N3,22.58,0.0765
S3,N7,31.15,0.0112
S3,N10,5.09,0.0324
S2,N9,44.24,0.0293
S2,N2,40.38,0.0344
S3,N5,25.76,0.0323
S3,N6,48.39,0.0156
S2,N4,21.47,0.0513
S3,N4,49.22,0.0759
S1,N4,33.73,0.0646
S1,N2,32.1,0.0706
S2,N4,9.13,0.0173
S2,N1,44.21,0.0956
S2,N6,21.95,0.0855
S1,N1,8.95,0.0825
S3,N10,1.62,0.0841
S1,N6,28.43,0.0939
S3,N1,26.84,0.059
S1,N6,36.25,0.028
S3,N10,44.62,0.0655
S1,N8,4.89,0.0769
S2,N2,36.84,0.0764
S1,N2,10.18,0.0569
S3,N4,43.05,0.0162
S1,N3,41.13,0.0434
S1,N4,27.5,0.0929
S1,N7,35.8,0.0626
S2,N1,16.4,0.0584
S1,N6,24.09,0.0342
S2,N3,41.26,0.0432
S2,N10,23.5,0.0906
S1,N7,18.53,0.07
S1,N10,25.22,0.0809
S1,N2,41.58,0.0509
S3,N2,17.43,0.0667
S1,N4,9.51,0.0324
S2,N1,35.89,0.0735
S1,N3,41.47,0.0485
S3,N9,5.93,0.0498
S1,N7,12.75,0.0684
S3,N7,7.96,0.0943
S3,N4,18.05,0.0158
S1,N2,23.07,0.0842
S2,N4,37.69,0.0363
S3,N6,32.91,0.05
S1,N3,31.43,0.012
S1,N1,18.27,0.0371
S2,N8,42.23,0.0552
S3,N5,24.09,0.0151
S3,N5,48.98,0.0542
S1,N4,32.07,0.0934
S1,N6,7.19,0.0195
S2,N3,34.13,0.0788
S2,N9,16.93,0.0469
S3,N5,34.63,0.069
S3,N3,4.41,0.0334
S1,N1,9.57,0.0244
S3,N10,42.93,0.0244
S2,N6,12.13,0.0163
S2,N2,42.02,0.0267
S1,N3,14.68,0.0698
S2,N1,32.5,0.0894
S2,N9,35.01,0.0833
S2,N8,26.12,0.0717
S2,N2,15.96,0.0199
S1,N8,11.42,0.036
S1,N9,2.63,0.0379
S3,N1,15.89,0.0325
S2,N5,33.0,0.0564
S3,N8,46.98,0.0582
S1,N2,43.69,0.0421
S1,N4,38.54,0.0418
S1,N7,39.63,0.0846
S1,N3,33.58,0.081
S1,N5,13.75,0.0377
S1,N8,45.45,0.0922
S1,N10,33.87,0.0958
S2,N3,28.46,0.0394
S3,N4,6.44,0.0419
S1,N9,22.91,0.0555
S2,N7,23.56,0.0947
S2,N1,43.36,0.0889
S3,N4,27.79,0.0192
S1,N4,19.64,0.0453
S3,N9,48.86,0.0598
S1,N6,6.43,0.0553
S2,N9,21.7,0.0274
S2,N6,3.06,0.0873
S2,N6,37.26,0.0709
S2,N5,45.99,0.0854
S3,N5,14.72,0.0873
S1,N2,43.06,0.0774
S1,N8,15.32,0.0495
S3,N8,45.63,0.0649
S1,N1,37.94,0.0244
S2,N8,40.44,0.0706
S1,N5,1.88,0.0261
S2,N2,48.18,0.0725
S3,N2,36.61,0.0307
S1,N6,15.93,0.0206
S3,N9,41.64,0.0249
S1,N1,14.79,0.0102
S2,N6,43.76,0.0747
S3,N9,6.52,0.0759
S1,N8,35.48,0.0563
S2,N6,27.49,0.0245
S3,N3,5.73,0.0175
S3,N8,12.85,0.0117
S1,N9,1.61,0.0249
S1,N1,23.97,0.0902
S1,N9,15.76,0.0317
S2,N6,30.32,0.0419
S1,N6,15.56,0.0195
S3,N4,15.7,0.03
S3,N1,37.42,0.0567
S1,N10,3.36,0.0647
S1,N8,45.24,0.0321
S3,N2,42.76,0.0152
S2,N1,33.72,0.0452
S1,N2,30.07,0.0311
S1,N1,44.72,0.0298
S3,N1,10.08,0.0964
S1,N9,4.87,0.0655
S2,N1,12.74,0.0601
S3,N4,39.93,0.0474
S1,N10,2.7,0.0486
S3,N6,29.56,0.0587
S1,N7,49.78,0.0727
S1,N2,42.93,0.0732
S1,N6,26.55,0.0255
S2,N7,4.12,0.055
S2,N10,41.74,0.0471
S3,N10,30.35,0.0883
S1,N2,6.63,0.0668
S1,N2,5.6,0.0579
S2,N10,45.57,0.0204
S1,N7,33.79,0.0645
S2,N1,41.64,0.0205
S1,N8,44.07,0.0403
S3,N3,29.02,0.0229
S1,N6,26.35,0.0723
S1,N9,22.09,0.0286
S2,N6,16.53,0.0453
S1,N9,22.3,0.0906
S1,N7,38.92,0.0284
S2,N9,30.49,0.0557
S3,N2,44.73,0.0477
S3,N8,22.73,0.0116
S2,N8,30.75,0.0813
S2,N2,31.93,0.0162
S2,N4,29.99,0.0527
S2,N7,35.43,0.0605
S2,N4,12.63,0.0666
S3,N4,26.11,0.072
S3,N6,6.11,0.0328
S2,N10,19.84,0.0109
S1,N6,24.9,0.0751
S2,N10,32.96,0.0582
S1,N3,47.58,0.0853
S2,N9,30.43,0.0839
S2,N10,37.44,0.0859
S3,N2,25.81,0.0537
S1,N6,32.07,0.04
S1,N7,4.48,0.0812
S3,N9,13.47,0.0506
S3,N3,18.73,0.0265
S3,N10,24.15,0.0869
S3,N3,3.24,0.0894
S1,N7,7.86,0.052
S1,N4,14.56,0.0168
S2,N8,48.61,0.0449
S2,N7,17.24,0.0823
S3,N5,24.62,0.0912
S3,N7,10.61,0.0283
S3,N3,30.93,0.016
S2,N2,14.75,0.089
S2,N6,11.14,0.045
S2,N2,26.31,0.0588
S2,N3,1.27,0.0971
S2,N6,1.38,0.016
S2,N5,11.73,0.0683
S2,N8,2.8,0.0167
S3,N9,6.29,0.0438
S3,N3,17.6,0.0823
S3,N10,40.33,0.049
S3,N3,29.03,0.0997
S2,N3,26.12,0.0603
S1,N6,15.38,0.0389
S2,N1,46.66,0.0298
S1,N7,20.45,0.0415
S3,N1,5.27,0.0435
S2,N5,31.24,0.0162
S3,N10,6.58,0.0433
S2,N8,17.92,0.0518
S3,N4,25.86,0.075
S1,N5,43.84,0.0691
S1,N4,25.18,0.0738
S1,N4,35.41,0.0108
S2,N8,49.65,0.0296
S1,N2,7.44,0.0696
S2,N1,14.46,0.0536
S1,N3,20.33,0.0105
S1,N9,21.67,0.0824
S2,N4,21.14,0.0796
S2,N10,45.47,0.0594
S1,N5,35.99,0.016
S2,N2,30.79,0.079
S1,N4,16.16,0.0625
S2,N2,41.37,0.0804
S3,N2,47.8,0.0777
S3,N4,41.24,0.0823
S3,N6,1.08,0.0566
S3,N7,32.18,0.0226
S3,N10,3.51,0.0704
S1,N3,13.62,0.0658
S3,N3,3.92,0.0768
S3,N10,30.59,0.0253
S3,N6,34.64,0.0275
S3,N3,6.61,0.0901
S2,N2,19.81,0.0775
S1,N8,23.36,0.0917
S3,N5,19.08,0.0783
S3,N1,6.93,0.0637
S3,N3,21.53,0.0689
S1,N10,37.81,0.09
S2,N8,4.48,0.0621
S1,N4,4.93,0.0669
S2,N7,18.38,0.0241
S3,N10,47.14,0.0527
S3,N2,33.76,0.0745
S1,N7,34.25,0.0344
S1,N5,18.73,0.0282
S2,N5,30.09,0.0382
S2,N6,1.5,0.0317
S1,N9,32.17,0.0293
S2,N6,45.75,0.0482
S1,N8,31.02,0.0917
S2,N7,43.81,0.0556
S1,N9,36.47,0.0269
S1,N4,6.91,0.0169
S1,N2,45.22,0.0727
S2,N7,4.26,0.0445
S2,N6,27.16,0.084
S2,N1,7.96,0.0694
S1,N9,1.57,0.0817
S2,N9,21.68,0.0345
S2,N2,15.46,0.0723
S1,N3,24.81,0.0338
S3,N5,29.28,0.0945
S1,N5,3.14,0.0673
S2,N1,7.03,0.0392
S1,N8,28.37,0.0343
S3,N8,17.82,0.0272
S1,N4,36.73,0.0725
S2,N7,32.96,0.0297
S3,N10,42.43,0.0636
S2,N3,34.93,0.0338
S3,N6,22.07,0.0696
S3,N10,33.98,0.0833
S1,N10,14.49,0.08
S1,N9,16.01,0.0785
S2,N1,39.66,0.0269
S1,N5,22.87,0.018
S1,N4,40.12,0.0729
S3,N8,41.3,0.0432
S1,N1,43.02,0.0489
S3,N9,45.92,0.0128
S3,N6,22.12,0.0334
S3,N4,16.62,0.013
S2,N9,29.53,0.0891
S2,N5,19.19,0.0319
S2,N5,30.45,0.0602
S3,N5,35.57,0.0135
S2,N1,34.73,0.07
S2,N1,19.35,0.0391
S1,N8,9.18,0.0908
S2,N8,22.1,0.0899
S2,N6,7.99,0.0393
S3,N4,44.61,0.0911
S3,N2,17.95,0.0997
S3,N2,8.57,0.0843
S3,N9,2.25,0.086
S3,N5,32.65,0.0324
S3,N4,32.21,0.0619
S2,N10,17.69,0.0161
S3,N1,4.51,0.0185
S3,N7,21.07,0.0999
S1,N3,16.25,0.0394
S2,N6,34.18,0.0773
S2,N5,30.68,0.0826
S2,N5,18.87,0.0872
S3,N5,11.68,0.0998
S3,N1,49.41,0.0317
S3,N1,23.25,0.0136
S1,N3,34.73,0.047
S3,N10,7.89,0.0217
S1,N4,24.79,0.012
S2,N5,2.35,0.0424
S3,N2,25.77,0.0805
S1,N8,48.24,0.061
S1,N2,19.83,0.0382
S3,N9,2.91,0.0689
S2,N2,2.52,0.0309
S2,N9,20.01,0.0113
S2,N7,8.84,0.0788
S1,N8,2.14,0.0661
S1,N2,38.05,0.0786
S1,N7,23.47,0.0135
S1,N6,15.17,0.0853
S2,N4,45.1,0.0658
S3,N7,6.69,0.0607
S1,N4,47.84,0.0662
S1,N2,16.38,0.0878
S2,N10,44.53,0.0628
S3,N7,30.54,0.0623
S3,N8,41.51,0.0992
S2,N2,49.22,0.0781
S2,N5,15.13,0.0498
S3,N1,48.1,0.0737
S1,N7,20.08,0.045
S3,N8,19.89,0.0306
S2,N6,17.68,0.0637
S1,N5,27.53,0.0935
S1,N6,8.55,0.0936
S2,N2,28.13,0.0408
S2,N1,27.54,0.0575
S2,N7,38.33,0.029
S3,N7,41.85,0.0996
S3,N10,22.58,0.0983
S1,N10,15.81,0.0685
S2,N2,13.71,0.0824
S1,N2,10.54,0.0744
S1,N1,3.82,0.0634
S1,N10,17.78,0.0148
S1,N8,14.24,0.0509
S2,N8,48.35,0.0707
S1,N1,28.33,0.071
S2,N8,18.02,0.0436
S2,N9,29.44,0.0948
S3,N4,7.82,0.0251
S2,N1,22.76,0.055
S3,N1,31.69,0.0722
S2,N3,24.96,0.0727
S2,N5,20.69,0.0684
S2,N5,49.7,0.0348
S3,N9,44.14,0.0241
S3,N10,31.55,0.0672
S1,N2,28.9,0.0639
